{
  "timestamp": "2025-07-18T16:15:33Z",
  "model": "TCN",
  "dataset": "ds_dx_250715_panel_len_200_clip",
  "tag": "test",
  "path": "c:\\Users\\ScipioneFrancesco\\Documents\\Projects\\prochain_transformer\\experiments/training/test_TCN_dyconex\\k_0",
  "val_loss": 2.3419883251190186,
  "val_mae": 1.4888176918029785,
  "val_r2": -89.14336395263672,
  "val_rmse": 1.5268656015396118,
  "train_seconds": 34.6,
  "epochs": 0,
  "test_loss": 4.76701545715332,
  "test_mae": 1.9827799797058105,
  "test_r2": -162.0341033935547,
  "test_rmse": 2.1662395000457764
}